id,name,longitude,latitude,Score_Population_Density,Score_Footfall,Score_Transit,Score_Traffic,Score_Rent_Value,Score_Parking,Score_Night_Activity,Score_Walkability,Score_Safety,Score_POI_Synergy
316,Raj Ghat,77.25318113,28.6476629,95,86.83186013,95,84,64.62957251,58.45119256,85.35158232,91.68128786,55.53201824,77.21610019
185,Laxmi Nagar,77.27182603,28.63571066,95,86.76975306,92.44268631,84,67.57172934,47.98714192,89.28616129,90.69295233,57.00910776,82.26270811
187,Yamuna Bank,77.26644411,28.62182087,95,86.31242477,94.54535317,84,65.24872042,49.79970329,88.43925421,87.18251258,56.82576151,76.50336305
37,Geeta Colony,77.27155665,28.6508834,95,85.98599364,93.69657633,84,65.5971359,53.22979508,86.10002119,89.90472356,55.96939863,80.41552626
209,Dasghara,77.1618026,28.6209324,95,76.21522155,92.85936489,84,66.07673814,62.50465993,88.818111,84.11151195,52.05264573,72.60851331
30,Shadipur,77.15753725,28.64988448,95,77.5545091,95,84,63.51311272,61.5066572,88.79980297,85.06326463,54.44984871,73.76319433
186,Mayur Vihar,77.29883485,28.61036265,95,78.13795236,95,84,69.16921329,52.92822037,85.03169523,90.4514606,45.47995169,79.05647717
197,Swasthya Vihar,77.28892489,28.64099556,95,82.412701,90.01574763,84,64.88328205,53.69900643,86.32558781,89.73238804,45.27468366,82.51254784
163,India Gate Area,77.23060137,28.6128941,95,80.37360548,95,84,69.47678045,41.61370611,88.12851821,90.44527566,48.29629984,79.96379028
190,Shakarpur,77.28080479,28.62842136,95,79.11191591,92.41779431,84,68.03357477,47.48073179,87.81336794,90.07949996,48.5232085,78.06239012
168,Moti Bagh,77.16934526,28.58244295,95,79.16246161,89.83367745,84,61.82109783,60.75870792,87.3658585,86.19368082,52.03983118,72.49977798
205,Dhaula Kuan,77.16330604,28.59581568,95,76.92116495,91.32213004,84,61.10361941,62.9646482,84.39935289,90.9114004,54.14633488,67.64635027
142,Shahdara North East,77.28839455,28.68502612,95,82.75931518,89.47295033,84,64.95706791,78.11211933,77.07313711,70.2980594,56.96115137,69.6423852
208,Pusa,77.15924773,28.63642821,95,76.02436671,94.2528274,84,63.50524391,61.6870449,89.22315996,89.63175273,51.10779474,72.78025243
218,Teen Murti Marg Area,77.20325701,28.60406758,95,76.53831215,95,84,67.26751324,41.56161838,86.66245468,91.82926087,47.57649173,82.03348618
193,Mayur Vihar Ii,77.29979781,28.61672802,95,79.9766936,94.02960751,84,68.96423043,51.28095746,81.25216959,78.69556321,48.90444708,81.3699316
55,New Mustafabad,77.27104459,28.71353108,95,87.10290739,88.62854934,84,65.97384283,64.33607201,61.58018714,83.87696778,55.67185838,75.6684347
23,Anand Parbat,77.17434545,28.66162638,95,81.61165973,95,84,62.76567465,50.75318926,87.66268078,84.08156733,53.22813623,68.07795832
192,Trilokpuri,77.30278462,28.60070899,95,78.17234226,95,84,55.4558059,56.56478607,85.63515732,81.4570405,49.42615865,80.27608615
216,Motilal Nehru Marg Area,77.21418366,28.6051018,95,80.34046191,95,84,66.96720473,42.28490677,88.35662623,91.59433788,46.95691751,77.07661159
195,Kalyan Puri,77.31119801,28.61827885,95,82.59616499,93.71196291,84,65.14770079,59.2808364,79.90064312,83.18425006,44.33363313,80.53887138
52,Patel Nagar,77.16798285,28.65292083,95,79.94574451,95,84,61.78477427,48.22710157,83.91036969,88.14104618,50.84734126,72.32401049
380,Central Ridge Reserve Forest,77.17950118,28.61917838,95,81.30877769,95,84,67.63049942,44.36822462,84.48973996,91.09920398,53.95703589,65.82736836
215,Delhi Race Club,77.20519916,28.5923107,95,78.79169312,94.73900936,84,66.43427702,43.41998553,83.91608136,90.25612213,45.72767206,75.24919274
213,Presidential Estate,77.19693316,28.61827444,95,77.76533827,95,84,65.01390078,42.55041929,83.48264144,90.95525473,54.40955508,68.68347214
206,Subroto Park,77.15271761,28.58126011,95,75.60690662,87.91680208,84,68.06130176,58.62459463,87.94554559,80.04965899,51.62979909,71.61968945
348,Chanakyapuri,77.18738843,28.59369798,95,81.36213849,93.78332077,84,63.10017872,42.65512899,88.7648349,83.37876473,54.94682911,73.52547421
67,Jangpura,77.24788891,28.58151259,95,81.02702548,93.88031342,84,62.47293575,36.52024853,86.71581323,91.82290994,44.52210331,78.12826295
162,Pragati Maidan,77.2443583,28.61462229,95,76.82914244,95,84,69.79945184,42.74653531,88.96963586,83.65305849,44.06170698,80.36925979
214,Lodhi Estate,77.22178109,28.59388133,95,82.17430728,94.6783874,84,67.11768913,39.60539497,82.6317533,84.07352293,47.18872949,78.45876981
203,Mandawali,77.2939357,28.62692915,95,77.63001288,92.23087333,84,55.72318058,49.18702477,83.78685987,89.19069434,49.45505158,76.7497249
57,Khazoori Khas,77.25975205,28.71013582,95,87.46558018,88.93744055,84,55.90528126,64.3847989,72.52163673,73.10427746,55.09702668,76.32598542
74,Golf Links,77.23468642,28.59715897,95,75.88957986,95,84,57.99313676,41.95035229,88.38331328,90.32473861,45.30924521,78.43155467
84,Bk Dutt Colony,77.21674913,28.58383521,95,82.69738039,93.47120502,84,60.18902489,44.96696854,84.2152359,84.8792888,46.74994157,75.92315714
202,Vasundhara Enclave,77.3186027,28.60179884,95,78.94094475,95,72,69.99120589,52.40692712,81.41012209,78.59020425,49.37337709,80.55712767
198,Yamuna Floodplains,77.28318038,28.59641163,95,78.93693034,95,84,60.90796608,49.32076883,79.77227576,84.12862834,47.98114156,80.09099425
194,Ganesh Nagar,77.28304248,28.62025783,95,81.89890967,93.12347515,84,65.34290127,43.38267506,85.98203072,81.73976872,48.54228869,77.17556832
75,Sarai Kale Khan,77.26289705,28.58895188,95,78.94100083,95,84,65.20342364,44.83678925,82.16776378,83.58497839,49.24443064,79.32724003
2,Kamla Nagar,77.20385045,28.68068547,95,86.88682854,95,84,20.1162054,60.59486757,87.84656772,82.83260321,58.82282934,78.27736843
76,Sundar Nagar,77.24938492,28.60245914,95,75.09082916,94.35771212,84,56.08297613,37.39180104,89.32072055,91.40217755,45.49801372,80.57143846
204,Pandav Nagar,77.26995427,28.61112308,95,80.06720683,93.46044587,84,69.65761276,46.9747049,81.37790246,80.81496508,45.88326846,79.76242613
83,Lodi Colony,77.22502734,28.58518827,95,79.66695012,93.11099918,84,61.38240002,40.09422128,89.24914604,87.65350979,44.9122914,79.26003253
54,Shahdara,77.25433079,28.68772106,95,85.25232042,93.07543497,84,62.89603991,49.4329932,79.87991725,70.22312441,55.11162213,76.29090241
77,Nizamuddin West,77.24317573,28.58949555,95,78.74928514,93.77242344,84,55.45978753,36.42249369,86.26423094,92.27254722,45.57948408,80.61716877
317,Vikram Nagar,77.24682338,28.63342989,95,85.86589166,95,84,26.07094036,42.85651618,88.00942438,90.18157937,54.63524591,82.3704601
36,Daya Basti,77.17156301,28.66983771,95,77.34568617,95,84,64.54645374,59.5091196,72.49818485,72.04216256,52.44082881,73.58816771
191,New Ashok Nagar,77.30694231,28.59234812,95,81.2692241,95,72,63.5591462,58.11769788,81.43800876,78.52832195,47.46734668,81.57464757
17,Mori Gate,77.22711615,28.66265891,95,86.28698208,95,84,24.98888153,42.810698,86.48978231,89.83077698,58.35003646,79.12004528
219,Sujan Singh Park,77.22258727,28.60142038,95,75.32694893,95,84,56.80313583,36.77428769,89.96350013,84.9051347,46.60306354,76.94717347
217,Tughlak Road Area,77.2114368,28.59736124,95,76.37855897,95,84,61.53374972,42.76447446,82.27736213,85.63962645,45.79965242,75.26941123
81,Sri Niwaspuri,77.25642366,28.5646962,95,67.79052363,94.11310366,84,65.90753605,51.92161342,81.53409342,86.28429667,47.76397361,81.96421573
290,Ip Estate,77.24895442,28.62183449,95,85.85528551,95,84,26.0161182,40.60660094,87.61807013,92.52549013,54.71186259,79.00287557
305,Tri Nagar,77.1552505,28.68094018,95,82.43500791,95,84,65.01324849,49.65414548,77.09121096,68.81301194,55.67677501,72.79102586
167,Vasant Vihar,77.15889024,28.56038044,95,68.05887835,87.08230154,84,68.01877442,58.88544895,89.25756025,84.17944412,51.87127661,73.90409517
19,Shakti Nagar,77.19669596,28.67712492,95,87.26362862,95,84,27.02464971,48.54905552,82.91815097,83.76018204,58.00327402,77.8550878
180,Munirka,77.17403184,28.55309541,95,68.44895722,87.32923868,84,65.08903177,60.94340805,87.91923297,88.12219022,50.97674594,67.02254181
5,Jharoda,77.2057284,28.73029186,95,81.42784744,95,84,62.19908252,61.07650558,59.81261902,77.76548472,55.03305256,66.59492263
188,Patparganj,77.30643614,28.63271398,95,82.23326956,91.90056264,84,62.45762146,57.83386861,67.14405244,79.7622086,47.9714818,75.61577336
159,Central Secretariat,77.21390032,28.61367583,95,76.03327532,95,84,62.60852213,38.53251409,84.43157121,85.23735267,45.66478808,81.42401658
157,Connaught Place,77.2163225,28.62888624,95,85.74204431,95,84,29.33875018,44.56501398,83.70115501,80.65293815,59.30913071,81.25567982
98,Tughlakabad,77.27326682,28.51057846,95,71.63163043,93.07408168,78,68.68545018,60.20505885,86.73701292,87.42861287,46.92359212,75.55236725
105,Pushp Vihar,77.22341669,28.52462643,95,70.81389613,88.27506029,78,68.63548781,60.68521682,85.4199175,80.81194872,45.02425018,80.7875493
196,Khichripur,77.31642922,28.62167379,95,76.17658785,92.03602781,84,58.23512729,51.04308101,84.62948782,75.70631645,44.04126777,77.11249588
212,Safdarjung Airport Area,77.20618921,28.58425906,95,76.45504068,92.87195775,84,59.90549742,37.5224102,89.13841999,83.51511272,44.71934656,80.59159063
289,Rajinder Nagar,77.18292812,28.6384033,95,85.55970107,95,84,29.51403342,42.10672258,85.94837264,86.03323707,59.59532927,76.33885626
189,Preet Vihar,77.29294002,28.63642392,95,77.78604374,91.42349186,84,64.2677086,57.48360785,76.70248286,71.8573875,48.50706282,80.56924916
301,Gopalpur Village,77.21125628,28.72085692,95,87.45121621,95,84,27.80525515,59.73825683,78.59032307,75.49302199,58.28851966,80.34208473
47,Zakhira,77.15632764,28.6617252,95,82.10163346,95,84,67.22237671,50.14709529,76.15508688,72.25021474,53.86847149,67.29598161
58,Gokalpuri,77.28843719,28.70632192,95,80.64993782,87.12046647,84,58.70654851,69.78496181,56.95897065,75.38754722,56.95426571,73.90855535
89,East Of Kailash,77.25175906,28.55549947,95,71.55867047,92.88692095,84,63.68013113,50.27041464,86.15191768,86.64658101,44.24035471,80.53658918
73,Nizamuddin East,77.25008375,28.59071784,95,82.25083508,93.31667782,84,64.7548853,35.57780561,84.07665934,81.62267058,45.32302558,78.32620083
43,Sector 14a,77.30039097,28.58323191,95,78.95536244,95,72,68.06453686,59.22757191,81.06896668,75.74941857,45.05294976,76.28292325
3,Civil Lines,77.2219271,28.67964538,95,87.63241604,95,84,20.72446888,34.29884271,89.85037672,92.84446756,54.82289093,80.24138972
349,Ashok Vihar,77.175625,28.69125406,95,76.61301856,95,84,68.20118631,49.86034702,77.53994261,69.48749871,52.87861754,74.37965231
345,Krishna Nagar,77.28547093,28.65229466,95,79.59578491,90.55366618,84,56.01418845,70.93630074,69.74533883,81.26741119,48.06462843,58.5361323
18,Tis Hazari,77.21442846,28.66516348,95,87.2526132,95,84,26.18155734,41.2822297,86.18712729,85.96079912,57.44572545,79.28443052
171,Laxmi Bai Nagar,77.20635183,28.57737484,95,70.226178,93.41732783,84,65.00296386,35.82171667,85.57644435,92.7267545,45.56629116,79.77724245
101,Alaknanda,77.25010119,28.53502312,95,68.34898427,93.29852362,78,64.4734033,49.16153998,84.34335999,91.10150557,49.99734622,80.02741165
300,Azadpur,77.17535331,28.71470411,95,81.92405701,95,84,58.55305838,61.12814559,54.64059077,79.40316424,55.37313287,69.55171992
346,Lajpat Nagar,77.24352808,28.56861934,95,70.10194532,92.68595809,84,67.00534762,39.36850703,84.8333879,85.04615418,46.57074742,82.80274507
72,Jasola,77.28698582,28.54569585,95,65.09066411,95,78,69.62189743,59.94866317,83.62074693,85.27662733,48.03658769,79.45502755
20,Roop Nagar,77.20117129,28.68549346,95,85.30937161,95,84,25.59648683,55.94534269,78.88111755,76.70108138,58.66229571,77.83031327
21,Sarai Rohilla,77.19040513,28.66529573,95,87.70765872,95,84,20.09770847,49.85884427,87.78251443,81.50980648,59.17321784,81.62844478
22,Mukundpur,77.18408159,28.73957154,95,79.04201898,95,84,59.89691962,62.32564924,51.01502543,83.11837658,53.88325298,72.89292848
104,Panchsheel Park,77.21753411,28.54568233,95,67.01177174,88.78110053,84,65.73737447,47.59813209,89.05542207,91.61017267,48.96531831,75.07983021
375,Hauz Khas,77.19824929,28.55188798,95,61.67126487,87.59618854,84,60.98973874,63.19700022,87.16657909,82.71941105,54.6997879,73.0902364
120,Green Park,77.20372305,28.55816631,95,68.37794057,89.89509025,84,69.54118484,39.88241137,85.76934319,83.62387834,44.14982997,81.42830128
158,Gole Market,77.20440263,28.63476183,95,86.35163241,95,84,23.16156105,42.37508359,82.26551484,80.94772386,58.43440186,81.01397594
92,Okhla Industrial Area,77.27558198,28.53573921,95,60.51791894,95,78,62.30003412,58.86604215,82.52258735,86.25250289,45.42887992,82.16539822
56,Karawal Nagar,77.27178627,28.72745799,95,85.21828902,87.52364638,84,56.22444973,56.89153165,50.40751132,81.60629524,55.3122588,75.15303173
246,Karol Bagh,77.19210993,28.65115001,95,86.10674092,95,84,25.33602547,45.07631087,86.09891022,82.71547541,58.43320006,75.17940711
82,Andrews Ganj,77.22813557,28.56327085,95,68.95253855,91.44626761,84,66.14059782,35.62291798,88.85743406,91.22611779,48.50159458,80.05135137
66,South Extension,77.22164224,28.56908418,95,71.83201277,91.13209467,84,64.88061663,41.50201092,88.20489481,92.53237501,46.20434437,75.46185727
4,Wazirabad,77.22380106,28.7301211,95,80.88056835,95,84,60.88740335,61.86921734,53.84795094,73.08003242,55.48419451,67.60236598
288,Paharganj,77.21398008,28.64430058,95,85.48204412,95,84,26.33151376,40.79983787,88.9937802,80.12900967,55.81971535,82.53353589
379,Siri Fort,77.22059667,28.55017619,95,70.726711,89.31888265,84,63.09935695,50.60168183,85.27703116,90.31085736,47.62117284,76.23940249
70,Okhla,77.28693834,28.55960005,95,69.32576299,95,78,58.42682112,54.59800424,81.29710366,86.30959908,48.77555832,82.67890242
296,Mukherjee Nagar,77.20991489,28.70833754,95,87.94713585,95,84,24.1102847,55.96860228,75.2881686,71.77684862,56.44648863,80.08752261
85,Ina Colony,77.21396636,28.57635503,95,64.49844695,91.66038416,84,60.56558144,43.1397027,89.86817178,83.71518622,46.10731632,79.84510311
318,Mandi House,77.23472479,28.63080644,95,86.74371466,95,84,25.46697413,36.18336191,82.56806132,90.14488961,56.1293861,79.66552643
170,Rk Puram,77.17725675,28.56563771,95,66.24196201,89.7524547,84,62.3326987,47.3770093,82.88791575,88.32618855,52.65678882,72.58715321
161,Baba Kharak Singh Marg Area,77.20386503,28.62176228,95,86.8185239,95,84,21.48343201,38.4970323,89.50643855,83.0209962,59.78016192,76.12259615
6,Gulabi Bagh,77.19268602,28.67134819,95,85.84610372,95,84,26.00020548,44.75740456,83.58478106,81.82718858,54.86447272,76.28370091
201,Ghazipur,77.3232841,28.62814594,95,71.7603909,91.14132685,72,64.86767957,63.97536508,82.75014372,75.60907481,49.30752133,76.52741268
78,Pragati Vihar,77.2348975,28.58572435,95,75.45042621,93.84433196,84,58.86524333,36.21384939,83.26363858,81.9343476,44.00392034,76.37355126
144,Jhilmil Colony,77.31054207,28.67220227,95,81.70662964,87.74146837,84,67.66255673,73.05080453,60.14266343,65.32019688,48.65146431,63.25383588
80,Madanpur Khadar,77.31557588,28.5330894,95,61.41031496,95,72,68.02408758,51.01045811,85.3460908,87.75283592,48.75556888,78.29566476
88,Sewa Nagar,77.22596832,28.57771287,95,62.68315006,92.87437824,84,68.00547244,41.23895836,83.47379871,85.02502659,49.5244379,76.14273572
95,Molar Band,77.32523806,28.4998564,95,71.91557755,91.97189218,66,61.3258139,53.61966832,86.05933095,85.75774599,46.79779648,78.35417329
61,Sadar Bazaar,77.2103829,28.65652612,95,87.95991874,95,84,22.19213987,39.9112104,85.98250006,85.13679066,59.81955915,75.84276388
160,Sansad Marg Area,77.21125133,28.62133785,95,87.86215308,95,84,20.41572859,37.96535581,87.22530232,83.83877642,55.68969625,79.14406453
13,Shahdara South,77.2822145,28.66460873,95,81.21130369,91.9494258,84,56.57395268,71.96844033,68.20997463,73.40242528,48.93428727,58.88345491
244,Subzi Mandi,77.20417729,28.67054605,95,86.45356896,95,84,23.98822781,32.16796916,87.62107018,85.62547877,54.40340508,78.28953214
93,Mithapur,77.3206625,28.49301508,95,70.69371736,91.37289055,66,68.10134857,55.09612368,83.9223842,87.74961147,49.45060731,76.63453107
236,University Enclave,77.21080649,28.68881535,95,87.7626172,95,84,24.63494044,52.35587212,75.47676769,68.87467871,58.95930645,82.9911409
299,Vijay Nagar,77.20146722,28.69611952,95,87.9084113,95,84,23.53421379,53.01628974,76.86324171,65.22031964,59.82690544,80.64111316
69,Kidwai Nagar,77.21169682,28.57151492,95,61.0020086,91.1783949,84,65.78802667,42.80761586,86.18663705,86.93402617,49.07072511,76.75643139
25,Timarpur,77.22165935,28.70180278,95,87.68656969,94.24973249,84,23.50626931,49.09459516,72.65380277,72.83825739,59.93670679,82.62252014
297,Model Town,77.19208545,28.71793899,95,85.33611671,95,84,28.39861303,48.38704902,79.26088802,77.6881797,54.96731287,79.79441693
64,Neeti Bagh,77.21442503,28.5579776,95,69.75359481,90.58849411,84,57.73176874,37.16038183,88.57682528,87.05931959,46.24728946,79.86202146
122,Greater Kailash,77.23888502,28.54542101,95,63.7143314,91.06547477,78,64.85104997,48.24675927,85.67412158,92.44682425,45.42487134,76.62778194
174,Safdarjung Enclave,77.19481595,28.56405644,95,70.51984323,89.57829754,84,59.61894912,42.69223148,86.37318576,88.4216268,55.61290708,70.78806755
90,New Friends Colony,77.27301546,28.57253348,95,60.1458537,95,84,61.57923129,49.26083384,84.23434042,86.40023124,45.74876548,76.65001691
99,Pul Pehlad Pur,77.28820428,28.49847669,95,66.27717413,93.70571182,72,58.15993284,60.84748809,82.34208783,77.6061687,46.57991128,78.79404017
65,Sadiq Nagar,77.22408279,28.5576254,95,71.36698293,89.48795607,84,66.84547761,41.19587955,85.04336006,82.96074657,48.78639358,76.96281851
173,Sarojini Nagar,77.1964967,28.57506116,95,66.73125566,91.00934808,84,55.44960385,37.95444777,88.91650888,84.65158309,55.00743074,73.89127924
319,Barakhamba,77.22392948,28.63928927,95,85.46308815,95,84,22.31947096,39.0990489,82.64144011,85.95394487,56.4790351,79.74272144
245,Kabir Basti,77.20850469,28.67422121,95,86.85476431,95,84,25.80172369,36.44021956,83.89946775,85.95009487,57.56908428,76.04064536
1,Kashmere Gate,77.23222779,28.66567377,95,87.0902115,95,84,24.55220149,33.60423978,84.08126233,84.73971847,57.38045019,81.11552582
166,Katwaria Sarai,77.18842246,28.54045516,95,61.36269111,86.45857233,78,64.58679907,48.77112169,84.08229486,91.77944303,55.94065308,66.949752
97,Ali,77.30223049,28.5209011,95,66.64625141,95,72,63.88525493,58.27537896,83.04165419,82.45587637,44.92695322,81.34206491
302,Jahangirpuri,77.1682143,28.72903893,95,77.06322262,95,84,59.12209053,61.19506936,64.32590767,66.40414458,52.41070272,73.3736708
86,Sarita Vihar,77.29443528,28.53299711,95,63.42854504,95,72,69.81474346,56.15219438,80.12569222,77.64190018,44.56265916,75.93763125
79,Sidhartha Nagar,77.25966758,28.57801533,95,61.425815,94.26522236,84,61.93934435,38.03275148,84.56719295,86.01478287,49.2240142,79.00090202
71,Kalkaji,77.26054489,28.5392013,95,66.700851,94.20868571,78,69.94500874,45.58163796,85.34283535,81.69848047,45.05073884,79.93040389
287,Kishan Ganj,77.20068253,28.66124489,95,85.73787319,95,84,20.43412533,33.1673647,86.05929551,87.73671177,56.75474414,77.98498095
102,Dakshinpuri,77.23565779,28.52055553,95,65.45449278,90.33962307,78,65.99669534,55.66419473,74.07737019,75.70894762,48.61669336,80.50905303
117,Kalu Sarai,77.20446141,28.53933874,95,60.93281564,85.8498794,78,63.89426277,55.17879202,86.32635004,83.89214265,46.62907168,78.73047805
116,Sheikh Sarai,77.22497036,28.53677378,95,67.00387334,89.94702163,78,60.38850054,50.47959489,88.55250811,81.74765668,47.30695977,82.06047901
350,Shastri Nagar,77.18063461,28.67555868,95,85.49096783,95,84,26.50877369,42.98405269,75.43944862,76.92731596,58.99757829,75.68082789
51,Karam Pura,77.14865004,28.66447342,95,69.13812758,94.41582488,84,67.25946655,53.6156196,78.9646274,70.77256874,53.97000356,72.18739618
298,Gujranwala Town,77.18893232,28.70006508,95,86.1935668,95,84,29.00023123,48.05391673,77.71226116,66.63215279,57.93845762,76.43484808
91,Gautam Nagar,77.21249656,28.56156562,95,71.63854592,89.68016127,84,65.87886491,36.30710377,83.21683427,87.50462738,45.24524562,78.13487499
62,Johripur,77.28611185,28.71601268,95,77.99416637,86.4914872,84,69.63797884,63.90196432,51.5821055,64.78919066,55.42756282,67.22361305
87,Ansari Nagar,77.20707772,28.56617332,95,70.42318954,90.83262355,84,55.60163787,38.06253621,83.61612535,89.90337649,46.91678291,77.6976526
143,Vivek Vihar,77.31752375,28.66920544,95,81.73695139,85.8950229,84,62.11946314,73.46005428,51.89397112,72.14212978,47.14841383,63.78190202
110,Sangam Vihar,77.23957413,28.50105026,95,65.46788103,88.95890849,78,67.8157764,51.34162624,74.75482898,82.04297389,47.69077484,78.88075728
106,Malviya Nagar,77.20908846,28.53293952,95,60.54535656,86.54699123,78,57.69524663,49.4679747,83.29786725,91.48504192,44.18278212,79.28525279
145,Anand Vihar,77.30860663,28.65388848,95,78.74954528,89.14996073,84,67.08505229,63.19973673,54.87656023,70.97641068,45.4065536,63.67012524
199,Kondli,77.32699951,28.6079079,95,63.09893266,93.1251024,72,64.76849466,54.3940499,80.93515063,75.00175101,46.46718493,77.5960944
362,Jahanpanah City Forest,77.2424865,28.52600014,95,63.61653449,92.44650596,78,69.36437927,47.71949726,73.65758997,76.88557641,45.95126718,82.74209172
175,Netaji Nagar,77.18681589,28.57449062,95,64.84179439,89.99534999,84,65.57021144,41.24663569,85.04320439,81.59796882,51.11439843,71.32391324
103,Badarpur,77.30554312,28.50220088,95,67.53069696,93.65272541,72,56.97351528,47.34546098,80.32763916,86.0105951,46.38719422,77.02617907
176,New Moti Bagh,77.18280843,28.57895377,95,61.60818274,92.03783167,84,58.02780178,38.8193964,89.81440263,91.55256804,52.23505359,66.56476716
315,Chandni Chowk,77.23341429,28.65149852,95,85.34451047,95,84,20.23638586,39.21248053,82.9682,80.30673454,56.24074767,79.58085786
96,Ntpc Water Treatment Plant,77.31985083,28.5185801,95,60.88555878,95,72,59.15241696,54.14129753,85.42882828,84.93886133,48.56345385,75.14499233
68,Defence Colony,77.232491,28.57256854,95,64.51511503,91.66823801,84,63.33045326,35.61349627,83.63013167,89.38786206,47.34070947,76.87362697
94,Jaitpur,77.32899625,28.50874981,95,66.33241331,93.51687704,66,68.51052796,51.94622512,79.66771268,80.29859471,46.80841433,79.06244051
7,Kalyan Vihar,77.19709384,28.69005188,95,85.53231863,95,84,22.91662579,47.65088685,76.52264204,71.3126661,57.74399091,75.56393557
100,Vayusenabad,77.24615046,28.51480564,95,67.55278366,91.33562341,78,64.34449875,47.19856276,76.87288255,71.42043473,47.58146414,79.48542636
200,Gharoli,77.33514038,28.61485832,95,65.50962907,92.58238191,72,56.59889545,58.03291248,79.09923229,81.64467881,46.41443756,77.1560949
59,Sonia Vihar,77.24704298,28.72556666,95,85.24404634,91.93893146,84,21.5954468,52.6126904,63.63830309,76.4132096,55.71424541,76.93229473
304,Shalimar Bagh,77.15663134,28.71465593,95,80.34914576,95,84,61.3560738,54.92358196,50.02347658,64.35104727,52.69815091,65.19144868
107,Sainik Farm,77.20838102,28.50619364,95,63.37155828,86.5634785,78,58.56314987,56.63558237,69.10086016,75.82814772,45.22669023,81.68894163
63,Sabhapur,77.24197625,28.7525494,95,77.96513718,92.17210926,59.27917067,60.05343688,58.53487366,59.85170157,73.51092075,52.85800674,70.19224571
303,Bhalswa,77.16276774,28.75296938,95,76.3671007,95,52.78288274,67.33921478,56.31084302,62.31797424,69.31165666,54.50600197,66.69728429
15,Dilshad Garden,77.3164633,28.68598311,95,82.4460586,84.90208721,61.96139032,69.7999389,69.14566731,53.76449992,67.20049873,46.51164365,60.478455
331,Sector 14,77.13295574,28.71205795,95,69.12273432,92.60016786,84,56.92591434,56.32541779,60.85959583,62.70379086,55.34224308,73.86093435
121,Saket,77.20365285,28.52486388,95,66.4331564,85.16595917,78,58.87200149,49.70087596,75.57309518,72.73916453,46.69423261,82.21419223
9,Sector 13,77.13286198,28.72255642,95,69.68201687,92.13093464,78,67.90183596,51.73602626,64.58007994,57.10910236,54.92700591,71.64219385
329,Shakurpur,77.14188921,28.68668053,95,63.05568786,93.33807553,84,65.38654227,61.97054679,59.18860203,66.15579602,53.00922193,67.11231831
230,Sector 18,77.13565889,28.74068797,95,68.28473794,94.33009788,78,60.59877687,56.10534847,62.43930199,61.26092101,55.39963155,73.25415664
16,Mandoli,77.3160603,28.70791373,95,81.86730201,84.42524333,59.87677752,57.13743314,70.04964573,62.75924087,64.46704193,46.75058854,59.99965557
220,Sector 4,77.09859565,28.71143939,95,62.02722076,88.04783393,78,63.16733647,56.81048454,62.83544141,66.28156833,50.98643317,70.5733717
148,Shakur Basti,77.11776799,28.68118013,95,60.67650596,90.28841848,84,58.08761815,60.27380784,52.62322156,65.95376052,57.76895395,71.61684288
295,Sector 16,77.12324589,28.73731363,95,64.92476192,91.56794445,78,64.16471483,61.85088938,56.32742268,62.45842964,54.85357715,66.56206569
378,Jawaharlal Nehru University,77.16627881,28.53957734,95,66.4015331,84.84452087,78,68.90501452,64.34109982,51.07567833,66.62385058,50.15461759,73.64658922
333,Sector 23,77.07992784,28.72150037,95,65.65891426,85.17055704,78,65.86508226,63.93222641,63.53679961,57.88964666,53.01456372,72.37426086
14,Saboli,77.30174548,28.70506886,95,77.72642832,85.29930779,63.1794498,58.63067524,67.49943759,53.37975395,71.7597352,44.34187236,60.31349957
228,Sanjay Gandhi Transport Nagar,77.14937995,28.73822376,95,64.37123833,95,78,61.73040434,61.72013594,63.64440229,47.08726539,57.58932949,74.00960896
124,Sagar Pur,77.09983924,28.60363256,95,68.21677407,83.79885183,78,66.60209689,55.56832633,57.41318671,66.95641711,54.34758972,73.77350453
32,Kirti Nagar,77.14135692,28.64817999,95,71.40728576,93.54795712,84,39.60704039,52.4842245,75.69836449,69.42503236,52.89908518,68.92730743
39,Ibrahimpur,77.18070832,28.77891252,95,69.02849435,95,60.62544465,69.04318369,58.53749739,56.88859816,55.80882701,56.57468175,73.58764279
312,Rithala,77.10124074,28.72147103,95,65.10523726,87.36766747,78,67.94195616,64.97025521,55.75758325,59.92917483,57.00186406,69.88495633
45,Punjabi Bagh,77.13191271,28.66866768,95,66.59434659,93.6097061,84,67.02592125,57.91255288,54.95322597,52.40495384,53.4758868,66.79253256
46,Vishnu Garden,77.09720122,28.65006057,95,65.29836602,88.01733063,78,60.09175289,60.76657642,61.35127259,66.32834772,52.93774677,71.93949591
311,Sector 19,77.14248991,28.73263447,95,63.88415084,94.14373841,78,66.05310617,60.24193606,51.71731457,52.99601055,54.41924654,70.35935079
31,Tagore Garden Extension,77.11441109,28.6529363,95,71.4007436,89.78755364,84,65.34197454,61.22054785,60.03533506,54.71023809,52.95541442,66.02567963
365,Sector 27,77.10939756,28.75407246,95,62.78655234,89.68225572,78,58.01400533,60.98079003,60.58378794,60.59240665,52.03827426,72.98293197
347,Mehrauli,77.17998741,28.51873299,95,61.67726852,83.39912625,78,58.50568123,60.13114812,59.78437473,60.48260591,54.38897878,73.16973907
313,Sector 2,77.10215307,28.69719267,95,66.09132454,86.75235628,78,58.251097,63.79603996,56.84354763,66.48388888,56.88802603,69.018872
370,Sector 9,77.12369916,28.71481937,95,67.49085595,91.66519688,78,60.21357286,63.31587416,52.13891216,57.93154284,54.07483659,67.56463061
361,Palam,77.08392846,28.58654474,95,65.55215743,81.88726709,78,63.43445224,51.4918316,54.78300227,66.15868242,53.4382532,72.59292507
222,Sector 5,77.1057646,28.71554336,95,62.12412581,87.8671403,78,59.86878745,63.8729852,50.95461364,60.74038533,55.28017409,71.66847391
310,Pitampura,77.13306859,28.69875431,95,62.24452498,91.54198645,84,57.52021312,57.76805529,60.2988487,47.02707251,55.30398028,74.60920147
29,Ramesh Nagar,77.13272855,28.64648081,95,61.09544012,91.35620596,84,31.59258905,62.62502042,64.18547221,66.22270971,52.93635522,74.41120813
338,Paschim Vihar,77.09606334,28.66876646,95,71.58032293,87.92750241,78,68.41286312,50.34982552,56.3305139,50.91666168,55.60582469,73.97365866
24,Burari,77.20558474,28.76213712,95,63.84059521,95,62.75872594,56.31799749,63.75071386,58.15307326,64.76807345,57.04064847,74.13788444
270,Bankoli Village,77.1485085,28.80895952,95,65.98130639,88.35356947,54.0988929,64.15500675,64.93401808,57.74858943,64.80430005,56.94131336,67.28875462
294,Shahbad Daulatpur Village,77.11279236,28.74885338,95,66.29413667,91.20613741,78,58.1806726,51.85677296,55.91864113,62.47982756,52.19595436,67.75288213
231,Alipur,77.1272979,28.80282547,95,60.47174568,88.61799701,64.05842731,58.40904441,62.1326545,63.1846835,60.32770827,55.94218299,73.44871348
330,Karala,77.03242525,28.7355334,92.97060808,68.17803267,79.12685884,59.39330482,69.86883991,51.91527458,63.1054789,65.85448638,55.27598129,73.62996831
323,Krishan Vihar,77.08039238,28.70595743,95,64.03925134,85.41327665,78,69.8167828,57.5798485,60.18004935,51.56470727,52.37155589,69.23335144
111,Chhatarpur,77.18732842,28.4945671,95,67.44159117,82.52600503,78,62.38416785,64.56572759,63.3538708,47.38232189,49.4636343,77.66902717
50,Sudershan Park,77.132105,28.6571432,95,61.71590018,93.18110755,84,63.21388564,49.63473186,63.19372782,49.78393403,52.23303953,65.01992135
358,Rani Bagh,77.06878771,28.61366121,95,69.79919327,80.80415423,78,65.95975765,51.71070231,62.86343506,59.6184358,52.90412344,66.67491089
353,Sector 32,77.07065832,28.74005168,95,67.98236665,84.05741634,78,59.9950287,58.82519281,54.59470248,64.80282275,52.58781024,67.10793102
336,Sector 11,77.10782972,28.7302677,95,71.15434973,88.91871223,78,56.19129053,62.70914451,52.13205686,54.31361497,53.32267603,74.972379
49,Nawada,77.03320264,28.62492409,95,61.4048042,77.87976035,78,68.42224984,54.1759345,63.16745117,58.60935202,53.31597361,66.6528449
225,Sector 10,77.11747914,28.72305806,95,65.52934522,91.08741916,78,65.4320081,49.37111792,51.72399496,59.65423757,56.39800064,73.88118189
26,Nilothi,77.05953412,28.6514975,95,64.67042014,81.46265532,78,55.49804663,61.71409475,56.87450962,63.53414719,55.33711587,68.26742542
334,Sector 15,77.13041192,28.73133583,95,64.94209097,92.31778902,78,63.67580376,51.66734166,50.99665767,66.25536701,56.38891816,67.86519549
60,Prahladpur,77.09335375,28.74225345,95,61.01805257,86.39059881,78,68.0767535,56.11055353,58.08052697,51.02624216,55.56274269,68.54271327
306,Sector 1,77.09485467,28.70390749,95,66.68115472,86.07095704,78,56.43302971,52.90746956,50.76703072,62.46283748,55.63089295,71.09697425
369,Sector 6,77.11111391,28.71187837,95,70.87766533,88.81911474,78,66.34244993,48.12775766,56.45794008,56.19329741,56.37022513,66.29678978
184,Indira Gandhi International Airport,77.09997602,28.55529082,95,64.20705071,78.62844455,78,65.38938928,64.432798,54.38327346,61.27905265,52.68028716,69.24850843
118,Sultanpur,77.15990141,28.48346964,95,71.69273769,77.25273463,78,57.45285809,62.19842749,60.65364198,54.17431051,49.03508237,75.60559782
314,Sector 3,77.10906468,28.70170667,95,62.90891679,89.45176578,78,56.43571833,58.56617359,55.53579533,63.94121654,55.67098612,66.53691043
335,Sector 8,77.12410512,28.70299107,95,64.1864192,89.82630915,84,59.11241,54.73382263,58.00951209,48.51210081,57.74870805,73.02640312
307,Mangolpuri,77.08891064,28.69036763,95,66.85935227,85.25255564,78,64.35788987,54.81234859,53.86410831,57.35921055,53.97066639,71.9963957
320,Tilak Nagar,77.09026238,28.63904482,95,65.77368122,86.28139193,78,60.86358994,62.11644114,55.32156938,54.96010586,54.05493755,68.54924661
364,Rohini Extension,77.07383869,28.71965981,95,66.03264468,84.50832015,78,65.35007336,55.09531716,59.0161125,57.01207142,51.63199163,67.78368482
229,Budh Vihar,77.08848566,28.71424056,95,66.04100725,86.80783912,78,58.56316196,50.84320459,60.03800394,50.33906177,54.9258861,74.96157673
34,Pooth Kalan,77.07779688,28.71148833,95,67.58204655,85.25828923,78,57.51223873,54.25364322,59.76460201,50.08290086,52.16842267,70.03132473
169,Vasant Kunj,77.15107474,28.52439723,95,69.2678207,81.03388836,78,62.73394043,51.77083571,58.40660946,51.52057996,50.47363642,74.08228489
155,Tilangpur Kotla,77.02376404,28.64958406,95,71.33718876,75.8987077,78,56.83164871,48.2826211,57.6898213,62.89031089,55.08865541,72.6651505
269,Sector 37,77.05660197,28.74231471,95,69.47005486,82.52813028,78,59.66961549,62.77971371,53.10488868,50.9843055,52.15525248,68.89230472
8,Sector17,77.11252337,28.74161803,95,69.00737702,90.90086582,78,65.42472829,52.45631041,56.9589873,47.5507344,53.64184251,66.85646705
368,Sector 7,77.11726596,28.70768065,95,66.52263433,89.64851262,78,61.75556404,47.6050448,52.50290303,63.13930982,54.37093178,67.32505992
130,Nangli Sakrawati,77.00655231,28.6225585,93.26075429,67.36098235,73.68082743,78,57.54636858,64.19602436,51.50956218,63.68289194,54.80867466,65.74105423
112,Sat Bari,77.19771022,28.47256551,95,63.3285742,81.65451697,78,58.70846612,61.42766801,51.19109877,56.53686937,47.05912406,81.33246562
381,Qila Rai Pithora,77.17756667,28.53072008,95,61.82009856,84.13061458,78,62.81436966,47.94064183,60.1568096,51.83954261,54.12827334,69.84537995
226,Sector 33,77.07109305,28.72991281,95,62.47600462,83.8589815,78,60.82837152,60.06763838,51.40785927,61.07714183,53.95196813,68.25290618
279,Bodh Pur Bija Pur,77.13293027,28.78099889,95,67.7510069,90.73875508,64.75966472,65.63569393,47.05792874,57.69001589,54.58188097,54.80015873,71.4950893
360,Dabri,77.08812669,28.60568756,95,64.52333315,83.97391567,78,55.90213514,63.31258245,56.46477831,49.68549702,51.85080969,74.73076798
309,Kirari Suleman Nagar,77.05113878,28.70062868,95,69.2339152,79.79966614,78,63.79912695,50.97101515,59.05693179,54.4347859,52.12799723,73.02810935
337,Mcd Slum Colony,77.12367369,28.74598447,95,69.96743289,91.25527688,78,56.28487374,62.1548042,50.17559916,51.50762536,57.31709063,65.30026005
141,Subhash Nagar,77.11714643,28.63653908,95,64.57069028,88.65919272,84,38.83682418,58.8683706,64.68657407,48.55298669,50.11493291,68.69574199
359,Sitapuri,77.07764265,28.61084037,95,65.2696189,81.51397521,78,61.97808418,51.44561838,63.74952854,55.95346851,53.08457266,66.47275564
224,Sector 21,77.067537,28.71424219,95,61.44763045,83.10393125,78,60.94259037,49.96666668,58.98467762,54.75297611,52.06374612,73.97919187
355,Sector 31,77.07839655,28.74623836,94.79247493,64.30596581,85.27150941,78,69.91209042,48.24124429,56.69629275,48.24406452,55.4903644,69.69107211
42,Zindpur,77.15083883,28.78871152,95,61.09447324,92.29135353,60.20211158,65.63590779,62.51626068,53.02045673,50.89247673,57.70866895,71.10546755
284,Samaypur,77.14196954,28.74975312,95,62.8467215,95,50.46701124,62.2531847,57.58764081,59.25599774,56.85729169,56.85043443,69.54764343
151,Baprola,77.00833054,28.63850905,94.6090736,71.99661208,74.00957951,78,55.85630284,47.75011221,62.55561688,57.45153199,51.59297844,73.04494642
147,Nangloi,77.06252281,28.67136539,95,63.28088486,81.86225779,78,68.02406921,49.70304201,51.04461722,63.1647042,50.18062323,67.176674
27,Janakpuri,77.09120129,28.62106685,95,60.13005182,84.69782033,78,56.17867746,53.85121928,57.27044431,66.68026326,52.22880358,68.54424949
366,Sector 20,77.07262607,28.70998564,95,70.79489488,82.88056616,78,63.03741527,48.17659084,60.32607528,48.52478436,55.87012872,68.26253918
44,Uttam Nagar,77.05676564,28.62102578,95,60.69070512,80.53587704,78,65.71130398,55.76711454,52.4705953,53.84895958,53.40636391,71.73645417
271,Kadipur Village,77.15808644,28.77405603,95,61.04304346,94.69259456,64.26295343,65.74226011,53.62957155,50.08258699,52.74819193,56.92417696,70.96851877
356,Kakrola,77.02618511,28.59939989,93.30161663,70.52640649,73.76095061,78,64.92758785,48.02698498,61.97570511,49.94606089,51.50701561,67.68562167
281,Siraspur,77.13015069,28.7598659,95,64.27316071,92.92632842,63.41148806,63.50968329,53.39887419,63.97630579,47.38655262,57.04545226,72.15100161
332,Sector 24,77.08782148,28.7288652,95,67.14766489,86.68749955,78,56.56164474,52.37706032,51.80837625,66.82655803,51.38828382,66.96653585
164,Kapashera,77.08137633,28.52711972,95,67.41753889,73.93383818,64.44488006,55.07409971,50.33352022,61.82671015,65.58456107,54.23747698,72.42253187
178,Shankar Vihar,77.14270325,28.56528369,95,69.06164707,85.79215955,84,41.63894455,49.18495553,56.33822642,55.98699484,50.37085076,72.16397112
149,Ranhola,77.0379912,28.656469,94.29492806,70.37666852,78.73076512,78,56.67879429,56.21999457,62.83605888,48.44632951,54.00720744,69.83989368
267,Hiranki,77.19109743,28.80540751,95,67.12310944,91.73249329,60.20748953,67.04538847,49.67998491,59.16170107,54.90261815,53.51714871,69.42293805
38,Iradat Nagar,77.08821337,28.78575202,92.55698406,68.07022147,85.86964329,63.00941301,55.47379217,64.56098362,62.09605426,63.67299924,46.72393947,64.703267
357,Dwarka North,77.05637449,28.59441318,95,64.70934129,79.01654094,78,63.36675126,52.07936734,62.33633561,47.15683182,55.06527395,66.00978107
211,Delhi Cantanment,77.12835804,28.59571125,95,67.69049694,87.10026855,84,34.84968386,63.54067761,58.89832355,54.20467838,54.98569503,65.88384947
28,Fateh Nagar,77.10323689,28.63478328,95,70.86458372,88.18975959,84,34.76307931,62.80353777,52.4866181,52.76810876,51.1709991,70.05634153
308,Sultanpuri,77.06892328,28.69872412,95,63.35974912,82.54768188,78,61.77651518,48.59480773,50.89287051,53.96191186,50.46081829,73.38154975
125,Mahavir Enclave,77.08006645,28.59991242,95,61.95140327,82.015359,78,56.96310491,53.76598913,62.42373879,60.53642598,50.669558,68.89404939
282,Holambi Khurd,77.10178338,28.79788609,95,71.83818299,85.49073605,53.44931909,58.84844176,61.29555196,55.95522562,49.48736798,53.32743218,70.93158219
328,Rani Khera,77.01591727,28.70355993,93.75622969,63.86824614,74.54019835,78,61.42299422,47.47154075,59.5414407,56.47619657,50.2514913,73.82914817
35,Sector 38,77.05622936,28.73080572,95,65.38134626,82.64036777,78,56.56851761,50.12344127,58.18147804,58.07422971,55.15876805,66.93863068
53,Razapur Khurd,77.04429694,28.63743174,95,61.21347211,79.74737855,78,64.65366543,47.46461433,56.76859016,56.77795664,53.4252645,70.1493335
223,Sector 22,77.06093788,28.71871045,94.63974665,61.06443041,82.72320605,78,60.49692302,47.77712724,62.47060272,56.87628081,55.4144782,68.23027346
41,Mukhmelpur Village,77.16565562,28.79285038,95,69.47541771,92.6710898,60.46207193,63.11944503,49.38544411,61.79417299,52.18669795,53.1785153,69.39210601
374,Sector 25,77.09626027,28.7353473,95,64.01886738,88.17654212,78,58.51963123,53.25217987,50.3817164,55.91083277,52.40127366,67.1050694
210,Naraina,77.14154899,28.63135754,95,61.66592607,92.78889514,84,40.54218674,62.2372581,60.01707025,49.03784776,52.57974572,66.87722406
232,Hamidpur,77.15003764,28.8302227,94.03621502,69.59292479,85.99428426,60.31828583,56.09793886,60.19042781,58.57658528,66.3209501,49.3903188,59.99206989
278,Khera Kalan Village,77.11723368,28.78304855,95,64.35698756,88.15295097,54.11322804,62.87745076,59.52112664,58.58072965,47.29386777,52.50813005,74.81117908
280,Nangli Puna,77.14209734,28.77275568,95,66.84933966,93.0335766,56.14001009,56.60315385,58.15260807,54.40233235,53.74691094,54.89279259,73.0441406
354,Sector 34,77.07495036,28.77322814,94.24213775,66.2767851,84.04514818,60.28347931,65.04230433,64.21906318,61.8347774,61.15442701,46.27424291,59.83492622
140,Hari Nagar,77.11135584,28.62604486,95,67.12956858,86.82829481,84,30.44005712,58.46962658,57.06930751,56.75255619,50.39699113,65.68713678
126,Chhawla,77.00579821,28.55954967,91.99361045,70.93112621,68.5398419,55.02678281,69.54731568,54.10057301,55.02812071,63.56938599,53.649917,70.41760964
48,Vikaspuri,77.07424238,28.64032237,95,64.21098015,82.69264841,78,56.2017227,56.04618938,53.07321911,53.94554078,51.37896035,66.175513
172,D Block,77.09360007,28.52653672,95,66.62288207,76.3158949,59.4893284,57.09476882,64.42148063,56.90537407,59.06986192,52.06032021,71.54132737
33,Rajouri Garden,77.12142607,28.64284712,95,66.88125466,89.31586431,84,32.40180293,48.45654709,56.17648312,57.82815215,55.02938253,70.5337119
146,Mundka,77.02394545,28.68349515,92.73367138,64.97783403,76.17431919,78,63.78031547,56.3313444,60.29490795,49.21996198,52.07050247,65.08363682
10,Sanoth,77.07245539,28.8186176,91.5574414,71.8860617,81.15881507,58.48597946,66.69776483,53.48245533,59.12790909,66.28034814,44.49363395,65.05352489
11,Bakkarwala,77.01538131,28.66237565,92.34590038,64.95141212,74.49079594,78,55.59428238,48.57756944,55.24259558,54.68413426,52.75750434,73.14125686
291,Darayapur Kalan Village,77.00506981,28.82134199,87.31794013,62.08048314,71.52413505,62.96537375,67.28783289,57.862778,64.89225258,57.3806456,49.60249654,63.52707181
221,Sector 39,77.04744296,28.72251723,95,63.34308407,79.55880343,78,55.08637991,64.72405531,57.82168534,48.78579049,50.69949845,65.38979321
119,Fatehpur Beri,77.17698862,28.462536,95,71.83452893,77.90181973,62.38725126,60.86622305,48.76548645,54.7152517,63.08874415,44.96407751,78.10260872
321,Singhola,77.13163087,28.84169415,91.01472052,66.39107319,82.93397359,63.02934752,63.91714503,53.90899313,64.12588567,53.05831458,47.94895895,58.41591482
277,Holambi Kalan,77.09439794,28.8091311,92.59914838,63.40531087,84.40694169,55.96391597,57.72157522,54.42719314,62.03878519,63.70960451,45.25435624,65.96504888
133,Tajpur Khurd,77.01979349,28.57650002,92.54494253,70.39276667,72.50275964,50.09578808,67.43325049,59.38642471,55.21912117,62.06855845,50.75291778,69.33472233
207,Mayapuri,77.12072985,28.62282736,95,61.54655666,88.81132097,84,39.38862581,52.14632221,50.72214254,51.93647738,51.143659,73.14939729
322,Mubarakpur Dabas,77.02777216,28.71228602,93.82878488,60.62188244,77.03589398,78,62.45150288,57.29370088,60.0285897,48.31389718,50.42064884,65.31743765
276,Khera Khurd Village,77.10615143,28.77232109,95,61.53096363,87.98742979,59.57788921,65.21676781,54.04746257,55.08290974,52.35185353,53.9690769,67.11635899
114,Juanapur,77.15625472,28.46211969,95,65.56438086,75.1177226,63.07765292,61.67957883,55.78137279,52.81117916,61.45413915,44.30145806,76.46753757
182,Dwarka South,77.04262569,28.55516191,93.67267661,61.63645771,73.85900456,51.53764592,68.02213382,56.5454384,54.20055994,60.65234442,50.90283363,67.41500628
363,Sector 28,77.099658,28.75578132,95,68.97131256,88.71659163,56.45458842,57.62954414,60.66916872,55.56758635,51.83786588,44.23561649,61.51792389
181,Rangpuri,77.11957175,28.53030171,95,62.55556994,79.80958063,78,35.32500263,58.59027656,63.77114828,48.43551612,53.571277,68.13826808
179,Mahipalpur,77.1370818,28.54738674,95,67.44371462,82.72321758,78,31.12680859,58.07023342,50.63037013,58.71729577,50.55416317,67.70942698
40,Tajpur Kalan,77.1681415,28.84153027,92.52015891,69.49894852,84.79964407,62.55519993,55.77956925,61.80465015,50.77934866,53.04666499,44.75601217,63.98684683
165,Bijwasan,77.05360965,28.53347295,93.5888816,64.29795262,71.75541399,55.12808249,69.27717678,50.13396804,59.97477355,55.10205389,53.73613725,66.69881006
233,Akbarpur Majra,77.20394556,28.83972467,93.30602812,67.53480467,85.84015812,51.01755589,64.0517289,56.7602697,57.76169528,62.22075581,46.39711271,62.61361919
12,Khampur,77.12850466,28.822212,94.4919305,64.46421703,85.83312265,54.00542405,62.20760421,63.86524081,51.71143677,47.77992025,45.83878081,63.48107448
352,Sector 35,77.06943335,28.76115576,94.09948441,69.77489664,82.94079535,51.87778688,59.8650063,60.52475155,54.13071761,56.39976536,49.06799545,58.56827911
234,Narela,77.09601635,28.84398513,90.5516529,60.98110838,80.2115232,54.5144535,65.02319198,57.62625843,56.45641115,66.01545415,45.96076824,58.53804731
183,Ghitorni,77.13814996,28.49960831,95,60.17453599,76.98668705,78,57.65724684,47.75512202,62.87512515,51.83863361,49.80845829,59.7193011
293,Sector 29,77.08995638,28.76532078,93.67529797,60.96280495,86.95053878,64.52290142,58.42119658,61.48980199,54.12097288,53.23727716,47.18943292,63.18911165
235,Bawana,77.04940184,28.79938959,90.81914927,70.48294349,78.06523544,60.62258133,64.29235519,56.15048984,54.75419882,61.05081003,44.0648665,58.75934349
292,Nangal Thakuran Village,77.01117613,28.7958317,87.31618814,70.7611851,74.59330351,57.0981486,68.26309695,59.17642287,51.9723368,60.55084535,48.10319871,63.57708645
268,Bankner,77.0717378,28.84277747,89.941268,68.14922783,77.73571892,59.81766821,63.08741915,52.50087588,54.21024823,61.26413767,47.46579053,63.659176
373,Aya Nagar,77.13262167,28.4759565,94.10307596,67.53249664,73.53113607,58.72957103,68.90766729,54.39972085,52.31689621,50.3149956,49.68053747,58.50051874
367,Sector 30,77.08407577,28.7551436,94.94611801,64.60669466,85.6285577,53.0078709,56.45014674,55.77628149,55.61829331,52.4940763,49.79448326,60.39506699
285,Ghoga,77.0367358,28.83239431,87.02073084,61.22138967,75.09375899,59.77500238,67.08988825,55.65751202,51.7075759,55.08579495,48.94174166,63.39829042
351,Sector 36,77.0643838,28.75248263,94.59124375,61.97118958,82.3845442,51.75962283,62.9943668,49.43637348,60.09449934,52.81009011,47.24177919,61.08478074
113,Dera Village,77.16969396,28.4400117,95,33.76242319,74.55551175,63.21306139,87.67349822,64.2723796,60.97244736,60.75444085,47.00765387,61.6103529
272,Bakhtawarpur,77.16995381,28.82449522,94.98449989,66.4452785,87.52056246,52.26586838,59.08936001,55.07499136,50.11496049,54.35571976,46.86410239,65.42545678
177,Rajokri,77.11162384,28.51230598,95,60.34539212,75.95622143,63.98042158,38.0811892,50.70237072,51.6608089,57.06167902,55.57178337,69.7392122
108,Mandi,77.14137956,28.44552177,94.42700267,49.00822968,73.4804595,61.29074959,89.48511169,50.8736337,58.39633525,57.20864978,46.04246934,64.5711069
129,Haibutpur,76.96825237,28.62553528,88.29665189,44.51439017,67.93051106,62.26950536,73.32294145,63.0575244,62.38967319,61.75739037,46.27850914,63.18654406
136,Daulatpur Village,76.96118071,28.54979137,87.6480756,37.52926734,63.32646235,64.71779267,83.10860976,62.13568843,59.76721377,62.32231866,48.06435878,60.56929722
377,Najafgarh West,76.95854125,28.61224284,88.39960062,42.40145512,65.60201273,61.96338651,89.86470304,58.94821435,55.1090625,63.87299328,49.94199382,60.74116117
372,Forest,77.12909874,28.4572304,92.89686216,71.27798548,71.06887109,50.96313406,66.93174941,56.58357228,55.18816191,47.87799885,48.83258026,63.39195367
283,Puth Khurd,77.04544936,28.76587007,91.8739184,67.26929783,80.07856939,53.19657056,69.44390313,48.67383152,51.3063915,55.2728535,46.28594764,58.42678398
327,Ghevra,76.99560336,28.69240222,92.71361017,49.79920465,72.36154202,62.67174842,79.27773783,53.0212032,50.15196776,61.94888813,48.9638129,65.04778405
115,Asola Bhatti Wildlife Sanctuary,77.21959656,28.4497473,95,37.06704456,82.24181284,50.43870925,81.26671237,48.97525158,62.8726558,60.85064863,44.20946932,64.83979216
109,Asola,77.20187714,28.44918026,94.3277789,47.80527568,79.72875301,52.37907658,75.25758515,47.21817394,57.91099433,59.53185022,47.06348454,64.74660934
274,Marmurpur,77.11484756,28.85225427,91.54390602,44.90878948,80.29264504,64.1542388,74.19394968,62.95152405,50.55082044,49.23024425,46.17535878,60.73524222
123,Raghopur,77.00803374,28.52115622,90.60960109,69.76554024,66.55102645,51.93304801,59.87785096,60.27242739,55.36697398,47.1772657,50.29768624,65.66973612
150,Baba Haridas Nagar,76.9715139,28.69040053,88.85333324,46.25802018,68.10405898,58.0997807,76.85549301,59.24410003,53.40769336,66.10230415,49.59923053,58.04250781
131,Paprawat Village,76.97826078,28.57888475,89.86136632,38.36486073,67.41970462,62.48201267,81.35593107,61.16426095,53.59811169,61.80952264,46.35256146,61.00375143
371,Bhatti Kalan,77.20767013,28.43133192,92.46193033,32.33796081,78.52518054,57.3739182,83.96841104,49.50641668,63.35145553,55.65632004,48.02655894,60.84255799
152,Tikri Kalan,76.97556514,28.67985281,89.22845949,49.93273674,69.09384383,61.69768093,81.5610515,48.52625629,54.18914133,52.99131356,47.66878167,64.18247659
127,Jharoda Kalan,76.95033438,28.6478791,89.27105636,46.45074486,64.53758943,61.15262384,80.16821174,55.27004183,52.6064239,52.89238793,45.6862985,65.7445265
256,Badu Sarai,76.98041309,28.53065122,88.09423735,38.94824734,62.86858476,60.24943065,88.16454988,53.39692224,51.06398324,56.44563608,49.90140324,64.098421
239,Kharkhari Rond Village,76.93714592,28.56437759,85.2153043,46.1240256,60.12833867,55.18824585,81.34347213,62.71981249,63.38784935,59.88298443,47.46114429,64.45332042
341,Ujwa Village,76.91192976,28.56415846,83.46695357,48.76680914,57.66130499,63.81271772,76.07981524,55.6934397,58.6579983,62.62643711,47.77892393,61.72007614
344,Mandhela Kalan Village,76.89857501,28.60639681,83.14291693,44.82241299,57.6522603,57.22283527,81.34307624,60.10290753,58.37963595,63.2224754,47.18776411,60.6822324
156,Neelwal,76.98202194,28.66082255,89.98022131,46.99294781,71.12349074,58.11899868,80.13958251,47.21795255,54.57966015,61.14172955,49.68296878,62.6697087
273,Singhu,77.13501238,28.85385111,91.89287077,41.73682236,81.56107378,56.48502202,79.44388383,59.99727689,53.28603214,48.16183904,46.10491466,65.43311616
326,Sawda,76.98480393,28.70317656,90.44608581,46.19748892,71.59814922,61.41535986,84.91675978,47.43545175,63.69930421,48.15688899,46.51509726,63.27236328
250,Jhatikara,76.96279674,28.53035622,89.16481877,35.04873889,60.71539536,61.37394794,84.92621537,61.40127744,59.78336389,62.35135257,44.61959005,60.50222391
325,Chandpur Village,76.99244073,28.76748604,88.10600203,31.26749941,71.87886881,61.56382767,84.51260197,53.52023795,58.90491187,56.68154139,44.94087623,62.85477564
227,Kanjhawala,76.99680787,28.72964845,89.31259792,36.23444136,73.22415953,54.65542938,83.22454238,54.53827974,59.08668874,66.21253951,44.72232547,60.41935609
135,Najafgarh East,76.99681231,28.60206695,93.22900583,30.52733949,70.23055003,59.25390378,76.47685691,51.5840712,61.23239505,60.17081031,45.42159995,62.47247428
263,Sri Hans Nagar,76.94791752,28.57132886,89.07836314,34.22896014,63.07304291,61.92214323,80.74569167,50.64465008,64.57299036,60.03279521,48.15206754,62.69549205
251,Pindwala Kalan Village,76.95203416,28.5660165,88.88931541,44.26699172,63.35543925,50.36880375,89.19942653,50.67264142,64.25796579,55.33008864,45.03514326,63.23473604
238,Sherpur Extention,76.92727337,28.55839612,85.10281932,35.53755296,59.42147119,58.7325569,87.54000569,59.39993544,59.02885147,62.63647727,44.62672711,63.9854713
154,Hiran Kudna,76.99801916,28.66454122,91.95301961,45.3797483,72.52090527,61.41541854,72.70818373,48.29751805,60.4122586,57.01248536,45.9052982,58.53170661
275,Lampur,77.05947197,28.85579644,89.17241007,38.63319092,75.81316721,56.29590975,75.26068829,57.67479802,51.62038631,57.31723805,48.83428715,62.22141973
252,Jainpur Village,76.93620748,28.53760683,85.35950121,47.90413675,59.25693669,50.33185327,72.32818649,56.99152909,59.009766,63.44359774,47.40784578,59.85614544
153,New Pvc Market,76.96231322,28.66788305,88.05334288,41.10863411,67.41170869,51.60470958,88.85890246,59.89382099,59.64322865,48.53724151,48.07099981,62.3873533
264,Asaletpur Khawad Village,76.9503195,28.54522021,86.1594737,36.54994704,61.66253795,60.40523339,76.62197822,64.24532264,54.97020511,61.77194916,46.74757397,62.64760304
128,Dichaon Kalan,76.98306002,28.63753338,92.04720645,48.99599827,69.48875495,52.41139844,76.24890834,61.13029779,60.6802103,47.28630555,45.0409763,58.53251782
132,Rewla Khanpur,76.98717963,28.56614637,89.71551113,48.65456967,66.92371204,57.61201601,78.06605718,52.67732412,52.12957985,49.85700575,48.5046179,64.43051636
257,Kangan Heri Village,76.98795518,28.54420409,90.22219623,40.65234533,65.70816069,56.6885406,76.38268134,61.10825212,53.81587371,64.60313476,45.55802503,58.31150413
286,Bajitpur Thakran,76.97468832,28.80416963,86.2152051,33.05718278,67.58601552,55.52789516,81.90407776,58.56185947,55.17834714,57.61875357,46.30766646,63.42025291
134,Kharkhari Nahar,76.9671996,28.58736363,88.88837543,30.9043734,65.12099146,54.305572,79.75597543,54.87685623,56.75526468,62.37845564,48.63662852,65.97745883
254,Pind Wala Khurd Village,76.96327465,28.56098057,89.64996539,40.64226971,63.9943898,57.32964786,72.13613175,58.0877381,57.59399089,51.23988109,49.62989437,64.11482709
242,Ghumanhera Village,76.91343628,28.53093507,85.40058652,34.18698647,55.62463425,63.07305209,78.1424609,49.88128943,59.4696133,66.13599631,49.88340936,59.93197188
243,Jaffarpur Kalan Village,76.90724305,28.59118975,86.04455228,37.40944206,57.82044317,64.60233454,78.84352114,55.30803454,58.87545743,57.00802291,45.28817532,58.32280661
258,Khera Dabar Village,76.92591616,28.57728787,87.28986318,34.84941007,60.21077622,54.10439999,88.68662181,56.97607725,55.4277964,51.31481358,49.8183418,64.69695702
255,Kair Village,76.92453665,28.61442318,85.69197696,32.14344023,61.57548564,61.55611127,83.65454485,50.38444522,59.51156047,60.14706964,48.91244138,62.98994468
138,Rawta Village,76.90913799,28.52024499,84.08271904,49.74552259,52.72978135,53.89705372,75.00675434,63.23171586,55.2856242,59.27208228,49.5748683,60.80416427
247,Issapur Village,76.8594901,28.57312004,81.97532749,39.25069432,50.41772366,64.53316783,82.94229167,64.85257912,51.56337204,54.37414342,44.19466068,60.88341462
260,Daurala Village,76.8943581,28.51068552,82.30983272,37.54568326,51.32043253,56.39271953,88.81984848,60.69783368,50.68473118,59.15504245,46.08511277,62.50716281
340,Malikpur Zer Village,76.90016917,28.55934748,83.59335048,44.6173495,53.93303767,50.48789269,77.82068812,55.24736396,57.29000741,59.44827283,47.81248614,65.78706095
266,Ghumanhera Jainpur Village,76.92827728,28.52747953,86.2424952,47.81054561,57.32114458,51.23571568,77.53121937,52.88476909,52.94146569,59.89665208,47.68382184,64.05384134
240,Samaspur Khalsa,76.89870213,28.57852511,84.29209789,44.96519381,54.94667327,59.31373277,80.6252738,58.45324437,56.65070022,47.96372025,46.78389019,64.86418617
241,Kharkhari Jatmal Village,76.94361599,28.57535074,86.37150231,33.69042039,61.84459565,50.68613051,72.46155718,60.70018767,59.10634368,54.20100932,44.71225457,65.98102638
137,Ghallbpur Village,76.88499112,28.5304592,81.95595212,46.21106662,50.04167371,59.47720291,84.7219899,47.69167428,59.31392851,63.91842879,47.39468933,59.76089061
339,Nankheri,76.99016558,28.52254617,90.13970655,32.48594447,63.68589283,51.96867317,75.45361184,61.44757958,54.42561061,49.81605898,49.49852327,62.98104427
139,Asalatpur Khawad,76.94809375,28.5344136,86.38073987,33.00833782,59.11232297,59.51008555,75.01714589,55.30659436,62.6217133,48.77209428,46.32393511,60.98026619
253,Daryapur Khurd Village,76.91541417,28.54549611,84.23029104,40.23354884,55.18359207,54.85415329,75.52400374,60.19528333,61.15390874,64.00696002,45.77814568,58.11505157
248,Qazipur Village,76.88312936,28.56459146,82.21154639,44.94941876,52.19420408,61.24477748,85.76789871,48.78520579,55.76766991,54.39626512,47.95230583,64.26990601
324,Nizampur,76.96512107,28.73622194,88.39783071,32.68829354,69.03916498,61.64895279,74.45591555,50.32057256,55.42879986,51.9320727,45.0906732,58.67652302
237,Shikarpur Village,76.95014387,28.5159655,87.06439526,31.2215592,57.78246099,51.01025902,78.83614404,57.17039587,61.60819484,49.10729845,48.8058842,60.613114
262,Hasanpur Village,76.93840886,28.55235696,86.83961574,36.44158331,60.51218107,52.45435732,73.82557491,60.42320809,54.15221462,49.73201807,44.31659155,64.91546597
259,Dhansa Village,76.85710005,28.55344011,80.79346057,35.38486462,47.52373665,64.9568675,73.08481303,47.09413304,57.08740033,60.55626401,46.58740322,62.9562096
342,Sherpur Deri,76.92593914,28.54720091,85.39659288,33.62466132,58.40982954,59.24975472,78.3899335,49.4026395,50.65608608,58.56596799,46.4192638,64.77910344
376,Surehra Village,76.94338459,28.59394273,86.29082897,45.88050379,63.36724876,54.03490107,74.74348824,47.39282114,59.55353476,47.99958057,45.5955707,59.17537539
265,Mandhela Khurd Village,76.90038977,28.62074458,84.39197119,32.39524264,57.30275219,53.31154419,77.12771224,53.62293352,57.23061587,53.31254688,45.35912976,65.92543326
249,Sarangpur Village,76.88050678,28.54528603,83.27589072,30.73366406,51.27319268,51.9512936,86.6337433,54.22689769,57.31500603,48.0471004,47.19375126,62.52944553
343,Jhuljhuli Village,76.90127573,28.5401592,83.29027135,31.32992535,54.69925718,61.94805936,73.24962917,48.45082725,51.84504943,49.93925419,48.51438729,58.49915255
261,Baqar Garh Village,76.87882117,28.59611088,81.26372217,30.40142396,53.01936864,56.77080536,78.32920837,47.63560439,52.10036146,52.90602955,44.30209716,62.99691238
